{
 "config": {
  "num_characters": 10,
  "thresholds": [
   0.5,
   0.6,
   0.7
  ],
  "num_ours_samples": 80,
  "num_scot_samples": 80
 },
 "raw_scores": {
  "ours": [
   0.75,
   1.0,
   1.0,
   1.0,
   1.0,
   1.0,
   1.0,
   1.0,
   1.0,
   1.0,
   0.75,
   0.75,
   1.0,
   0.75,
   0.75,
   0.75,
   1.0,
   0.75,
   0.75,
   1.0,
   1.0,
   1.0,
   1.0,
   1.0,
   0.75,
   0.75,
   0.75,
   1.0,
   0.75,
   1.0,
   0.75,
   1.0,
   0.75,
   0.75,
   0.5,
   0.75,
   0.75,
   0.75,
   0.75,
   0.75,
   0.75,
   0.75,
   0.75,
   0.75,
   0.75,
   0.75,
   0.75,
   1.0,
   0.75,
   1.0,
   1.0,
   1.0,
   1.0,
   1.0,
   1.0,
   1.0,
   0.75,
   0.75,
   1.0,
   0.75,
   1.0,
   1.0,
   1.0,
   1.0,
   0.75,
   0.75,
   0.75,
   0.75,
   0.75,
   0.75,
   0.75,
   0.75,
   1.0,
   1.0,
   0.75,
   0.75,
   0.75,
   1.0,
   1.0,
   1.0
  ],
  "structured_cot": [
   0.75,
   0.75,
   0.5,
   0.75,
   0.75,
   0.75,
   0.75,
   0.75,
   0.75,
   0.75,
   0.75,
   0.75,
   0.75,
   0.75,
   0.75,
   0.75,
   0.75,
   0.75,
   0.75,
   0.75,
   0.75,
   0.75,
   0.75,
   0.75,
   0.75,
   0.75,
   0.75,
   0.75,
   0.75,
   0.75,
   0.75,
   0.75,
   0.75,
   0.75,
   0.75,
   0.75,
   0.5,
   0.75,
   0.5,
   0.75,
   0.5,
   0.0,
   1.0,
   0.75,
   0.75,
   0.75,
   0.5,
   0.75,
   0.75,
   0.75,
   0.75,
   0.75,
   0.75,
   0.75,
   0.75,
   0.75,
   0.75,
   0.75,
   0.75,
   0.75,
   0.75,
   0.75,
   0.75,
   0.75,
   0.75,
   0.75,
   0.75,
   0.75,
   0.75,
   0.75,
   0.75,
   0.75,
   0.75,
   0.75,
   0.75,
   0.75,
   0.75,
   0.75,
   1.0,
   0.75
  ]
 },
 "summary": {
  "0.5": {
   "Ours": 0.0,
   "S-CoT": 1.25,
   "Delta_pct": -100.0
  },
  "0.6": {
   "Ours": 1.25,
   "S-CoT": 7.5,
   "Delta_pct": -83.33333333333334
  },
  "0.7": {
   "Ours": 1.25,
   "S-CoT": 7.5,
   "Delta_pct": -83.33333333333334
  }
 },
 "timestamp": "20251229_192057"
}