{
 "config": {
  "num_samples": 30,
  "evaluators": [
   "Gemini",
   "Qwen",
   "Kimi",
   "DeepSeek"
  ]
 },
 "scores": {
  "Gemini": [
   1.0,
   1.0,
   1.0,
   0.75,
   0.75,
   0.75,
   0.75,
   0.75,
   0.75,
   1.0,
   1.0,
   1.0,
   0.75,
   0.75,
   0.75,
   0.75,
   0.75,
   0.75,
   1.0,
   1.0,
   1.0,
   0.5,
   0.75,
   0.75,
   1.0,
   1.0,
   1.0,
   0.75,
   0.75,
   0.75
  ],
  "Qwen": [
   1.0,
   1.0,
   1.0,
   1.0,
   1.0,
   1.0,
   1.0,
   1.0,
   1.0,
   1.0,
   1.0,
   1.0,
   1.0,
   1.0,
   1.0,
   1.0,
   0.75,
   1.0,
   1.0,
   1.0,
   1.0,
   0.75,
   1.0,
   1.0,
   1.0,
   1.0,
   1.0,
   1.0,
   1.0,
   1.0
  ],
  "Kimi": [
   0.75,
   0.75,
   0.75,
   0.75,
   0.75,
   0.75,
   0.75,
   0.75,
   0.75,
   0.75,
   0.75,
   0.75,
   0.75,
   0.75,
   0.75,
   0.75,
   0.75,
   0.75,
   0.75,
   0.75,
   0.75,
   0.75,
   0.75,
   0.75,
   0.75,
   0.75,
   0.5,
   0.75,
   0.75,
   0.75
  ],
  "DeepSeek": [
   1.0,
   1.0,
   0.75,
   0.75,
   0.75,
   0.75,
   0.75,
   0.75,
   0.75,
   0.75,
   0.75,
   1.0,
   0.75,
   0.75,
   0.75,
   0.75,
   0.75,
   0.75,
   0.75,
   1.0,
   0.75,
   0.75,
   0.75,
   0.75,
   1.0,
   0.75,
   0.75,
   0.75,
   0.75,
   0.75
  ]
 },
 "correlations": {
  "Gemini-Qwen": 0.4236753433953508,
  "Gemini-Kimi": -0.21511884725972533,
  "Gemini-DeepSeek": 0.5180747889917514,
  "Qwen-Kimi": -0.04962916669854652,
  "Qwen-DeepSeek": 0.1195228609334394,
  "Kimi-DeepSeek": 0.08304547985373997
 },
 "average_correlation": 0.14659507653600162,
 "timestamp": "20251230_040158"
}