{
 "config": {
  "num_samples": 10,
  "evaluators": [
   "Gemini",
   "Qwen",
   "Kimi",
   "DeepSeek"
  ]
 },
 "scores": {
  "Gemini": [
   1.0,
   1.0,
   0.75,
   0.75,
   0.75,
   0.75,
   0.75,
   1.0,
   0.75,
   1.0
  ],
  "Qwen": [
   1.0,
   1.0,
   1.0,
   1.0,
   1.0,
   1.0,
   1.0,
   1.0,
   1.0,
   1.0
  ],
  "Kimi": [
   0.75,
   0.75,
   0.75,
   0.75,
   0.75,
   0.75,
   0.75,
   0.75,
   0.75,
   0.75
  ],
  "DeepSeek": [
   1.0,
   1.0,
   1.0,
   0.75,
   0.75,
   0.75,
   0.75,
   1.0,
   0.75,
   0.75
  ]
 },
 "correlations": {
  "Gemini-Qwen": 0.0,
  "Gemini-Kimi": 0.0,
  "Gemini-DeepSeek": 0.5833333333333333,
  "Qwen-Kimi": 0.0,
  "Qwen-DeepSeek": 0.0,
  "Kimi-DeepSeek": 0.0
 },
 "average_correlation": 0.09722222222222221,
 "timestamp": "20251230_035107"
}